{
  "editorLastVersion": "0.6.8a",
  "playerSettings": {},
  "globalSettings": {},
  "blockedList": {},
  "serverSettings": {},
  "editorSelectMouseButton": 0.0,
  "titleScreenButton": true,
  "friendSettings": {},
  "keybinds": {},
  "editorDragMouseButton": -1.0,
  "editorMenuMouseButton": 1.0,
  "editorRotateMouseButton": 2.0,
  "safetyProfiles": {},
  "editorRecentProjects": [
    "C:\\Users\\jonah\\Documents\\CPM stuff\\Avali.cpmproject",
    "C:\\Users\\jonah\\curseforge\\minecraft\\Instances\\Netherite\\CPM\\Birb.cpmproject"
  ],
  "editorScale": 2.0,
  "editorUVAreaAlpha": 0.8
}